story,story drift ratio
1,0.002450929
2,0.006389569
3,0.009236511
4,0.01139733
5,0.012958002
6,0.013998955
7,0.014600606
8,0.01486267
