Modes,Modal periods
1,1.61829519
2,0.257194568
3,0.091497543
4,0.046564011
5,0.028227885
6,0.019178339
7,0.014337597
8,0.011877094
