story,story drift ratio
1,0.002927945
2,0.007070159
3,0.009237222
4,0.010118437
