Modes,Modal periods
1,0.452821732
2,0.071120876
3,0.025267311
4,0.013688519
