story,story drift ratio
1,0.001103221
2,0.002908191
3,0.004243243
4,0.005266071
5,0.005997548
6,0.006469351
7,0.006725678
8,0.00682491
