Modes,Modal periods
1,0.445334918
2,0.07077678
3,0.025178998
4,0.012813843
5,0.007767966
6,0.005277643
7,0.00394553
8,0.00326843
