story,story drift ratio
1,0.004118809
2,0.009927473
3,0.012964301
4,0.014209251
