Mode,Modal periods
1,0.697164664
2,0.109497752
3,0.038901571
4,0.021074853
