story,story drift ratio
1,0.002218993
2,0.005825917
3,0.008471344
4,0.01071724
5,0.012530264
6,0.013718408
7,0.014463253
8,0.014820186
