Mode,Modal periods
1,1.035422346
2,0.17611751
3,0.063884286
4,0.032843153
5,0.019813648
6,0.013436867
7,0.009988655
8,0.008036079
