story,story drift ratio
1,0.002477404
2,0.005983272
3,0.007817541
4,0.008562853
