Modes,Modal periods
1,0.379488376
2,0.059603027
3,0.021175333
4,0.011471697
